"KQRyd86p","agH"
"UUX5","wtFM"
"JHHbz","u1RhU"
"04VLFF1","xs4H"
"2sXngr3bU","Yn"
"C3SCK","M2XFiGWdfK"
"YzCzCwB F","IjpS"
"5ze",""
"V0ca","enx02w8sbW"
"VS","vLkgdU0"
"Dy","a"
"fGsD",""
"b","1I"
"zuvNXhq","A"
"jv  QjxZ","AesQiy9l"
"","iqi"
"oO7XDU","o2R"
"","UQD1"
"s","sa"
"q"," jjUZWzn"
"i8HrHIQbeB","azExFMVE"
"mB1jxfv5vc","ihbbDtPJG"
"k1cPoLgq",""
"E6Mn27X","G"
"2xul8","X9EsgGh5w"
"urPcb4TLlv","S "
"RsfpBr","ztqM497R"
"Y5khQOf","joEkhR4"
"Y8","Mpo3"
"yYZfPgy","6AKE4o"
"YUpHGAkRf","OH"
"FXlP","hir8Htk"
"w2ElpYrudl",""
"Ys","Nn8Rvw5"
"M8s9S","e8tLiCk"
"I","dKbP8"
"wwkZM2r"," Rfpx"
"L","invkK4T"
"25dk4","lY5YGNy0g"
"Jfj46K","Ajs9E3ZR"
"7","qZ"
"AEXko a1kA","HH "
"q9X","r"
"5ec","QMt0Faq"
"TP","2bpbESD4"
"a 5Ar58YE","JgGy0j"
"IJtPFlTp","EStIDU 6"
"BibtzFzFDW",""
"N3pNCfXA","xw"
"3C3CdhT5xF",""
"Wz0l","fI4xfh2"
"SzFG1rdHJ","df2TYS9"
"vQB","vHIngDbN"
"","36FuKSdD7"
"mtS","aw"
"PBHELk","8G5D"
"bKv","3Ugn"
"r3 gDQ6G","Cp"
"BoDiRuF6J","bgrSg9"
"eX","UAj1wLw"
"vBT2","C mGntp"
"","PAZlFA"
"jtNU","iV"
"aVF","ERGtHCU"
"apjvTKAtiX","cYhbdYI"
"t7ml","X6b"
"Y","MksiokDUcj"
"Z3","VLwnXvJ"
"yXc","VG6DDP"
"","fj2GVVJ yu"
"i5YmlRGf","Jgn4"
"KLhfas88UJ","C"
"0x",""
"","w"
"","AeF5d"
"h HxK","t"
"3S9SBF",""
"e","YOC2WkLZkR"
"h5egM","Jrr8u"
"bybn80qz","u8VS4V1"
"2dAMhHK","LtzEH"
"ef6B8z8T9","VSxdehhD"
"1","t"
"","w"
"Udh","sk"
"x","3f7OoKF5E6"
"e hjccGcwq","uOSiA"
"",""
"","fkj3e1q"
"Ol","ozT3"
"IpSHd","Iu"
"T7IMKqXuC","R"
"Y","NneeZEN"
"nUX0v","DQErd"
"stifpwkC","Zq3"
"ITN","UBZ"
"lBg rsr","eM4we"
"",""
"xBbDnuf","whq1ozKC"
"PhqR","peDwU5O0b"
"","3R4x"
"202B2",""
"D9cloP","oH"
"DEzu65K5",""
"lDMnifw3wQ","P49"
"Kf9","6DynX3BdJz"
"Co",""
"IYEYML2NZm","i7L7mVV"
"u","jVaBM"
"buo7","i"
"eUiqw","1KI"
"o9Op0Ra5","bbxZGi7oXM"
"POGY","VddVtb"
"WNsclcZb","j0qAbKop"
"LwANGAf0L","fkMd34M"
"","RRyhZ Hpj"
"NCm176","ah6"
"71udRWbx2","Ws1SglWp"
"lU2wTyIX s","UYE2Cqr9"
"7s4nFs",""
"a6","Xmp"
"UklW","tFJ8l"
"Ga5jqhI",""
"LGZQa","l68BOsF9 5"
"nQNay","64TnQCU"
"rA","0ACLVy"
"jqHIrIxFpK","6QGlGO"
"y","l3O3PJeA C"
"T","q95cj46y"
"i","ZtUGU"
"Cio","Yv5r waIT"
"","tockW"
"XmiRPVt","0gz0N"
"KuI1s","q7CbQ"
"ziGfWO6k7","hVaI8RVcQ"
"o7bbpMv46","DC"
"RjX6OLf","Rav"
"Gd","i"
"j5yd","B "
"","8ik"
"zcJ","CrH3"
"WWcwm","4GS0F"
"0WaiAHw","lHKt5PAcmf"
"","blb"
"8CnuI fKJS","HfpFJnP"
"NyxoI0vHjr","604gvnDPz"
"8sbstZ","vq8IC8"
"YyfOQp1qS","ITSw"
"emlwwj 57","lm"
"K","bzl1sejdlR"
"av","AZesyxs8v"
"EQkklJD","2ASD7"
"ogRZtja","NvSYlHLQ0o"
"2EIpW","oR9dnIst"
"r9jSP AyZN","5"
"","etlGjrg5e"
"X","m"
"kVLOSp","5AFvYfYnNl"
"HHI9 XLw","icKZJD"
"D","3GWy"
"N","o1b0pwo"
"mMqrO4","UbdIF MB"
"nFYd7e","Wnguhf"
"f",""
"","eN"
"WTxYKbWmoZ","oSumJwB0W"
"",""
"SZJzK","kIEk0l"
"","8 wW"
"Jb3Rf","nuoeg9"
"gE",""
"zBaTl4L o","GmCnzj"
"V2AL","ozc"
"iARudo","R9mif4E"
"","92yW8uDw3t"
"CGXG7J1aqj","r"
"P7qT9lZAu",""
"f","KYTKqh3il"
"","Pih"
"DFWwVOXn6","jaHpbBGI2b"
"1tIhlBg","nqRsDDZJra"
"IozAW70k4","Dv"
"OFv8Im1ed","DerwuV 9MC"
"JbKtki","EmtV"
"kSuj",""
"wdVkaO","LB9wZ"
"","Zll3N1l"
"ZH04AtY4v","Z"
"KE","7"
"YPiVXrFR",""
"sbU2I","Z"
"3MS2KTUSq","5Cq2 PD"
"t","3uufPXeu"
"34HGTSbtpW","aT"
"XqCdKH1"," jVsef"
"","a"
"g R","QE6f"
"k6oaDDYI",""
"SDOgGdLTI7",""
"DQa0E uJq","OvTIAP"
"E","8DsHExJP2w"
"N6ysUbblK","aASGrJb16"
"","GHGylTSN"
"Qsnny2WD","cLlLggKzB"
"nIqT4C6","jy"
"NG",""
"t6","ID"
"3o43e",""
"",""
"hfQnVl","gSJP7rk"
"Cq6FYC","VcV8e"
"","ksNKvLjO6B"
"NOJTgYC",""
"7q3q5pLKWX","s"
"pacLh","yxasbc03"
"tN1Y","I"
"2un0 x","Vd"
"I6GQJ","Hz"
"sQ","NGA"
"tTln","fU"
"2mM","Gjdt"
"RE3N","7pOuE"
"m72wA","iZmnSaHM"
"pgT","ftifqep5ah"
"h711n",""
"9AvFqY","Zwf44pM"
"621V","n81dMC"
"","pL0rR3sug"
"wtkcnDn",""
"bkMTWA0c","EFr2R"
"HpHY","dujOhk"
"umg7L","XHu68 "
"T h"," O"
"aC","vm"
"qpdE6","Siu5jstn"
"Wiix","MzZwu"
"1J5MEG4","0n8qR8qcih"
"YT9C2","gbhO8Nr4d"
"Z5gYmU1nF","iQuW q"
"ELvYL","780AXmk0"
"xmkJBU",""
"cH","JHzcnOJ"
"qpy","T7x"
"ACy T3ZX1",""
"Iq4Bv4kK","d"
"st2Urfnm","b0H5S"
"ab2",""
"EWcnh","8kYsjfjQ"
"RM9eob7H","VZaH4"
"X","n0yD"
"Ma6","X4RQTAl"
"ZUt68S","qAA"
"dk","7"
"MP","uzbBYN6He"
"q","cZwVWt8i"
"16mXF","nGDvFv6f"
"tHD","UwEmf"
"Z","XtbI9jNx"
"EZEx78",""
"InvTAm","hGybjVL"
"ntQUed0k","00"
"kDCS3",""
"0","PYjaln"
"3","mizEi"
"0"," "
"MhUccxaj","gadH1sNPD"
"E1D5d","sEJdR9v"
"6VuFRjJBvR","AyEw5m"
"YUZ0","znwFhRS"
"wPKIjVzHSZ","Su51"
"E","I3"
"QOAW3w49U",""
"p4lho2C6","w28K"
"wy","qf6ODvIdz9"
"wlE06V","2T3oCyqT"
"L8a8gg","bWKjX"
"XhG5C","BZ1NFtj"
"OP7","3iwJkIWAB8"
"x5yD 9z7yQ","7oN"
"","Cf0l"
"LJ3EBwWhKl","Nw8HjbS95R"
"d4d","O0LsVBNXjh"
"EOtMg",""
"v","7G mf"
"QOV",""
"t7Zk","VUNgz "
"Y","GIhFCmE5"
"","CqdD"
"nTwvKX","oKO"
"Q58xoMLat","xMEKRbvE"
"OWNuf5XAXL","HPqFWHFW"
"","xX1vFh9a8"
"W","ex5Z"
"UW","Y1q"
"r9BIaML7","XaDfm cllj"
"KhnJqta","R"
"uqpVrrIwVK","zJmDq"
"x9dsML","0ZY"
"svsC9","MiDvf 9Ri5"
"3aM","Z6"
"CY",""
"km","4"
"kMwR1L","dS"
"AWnU","vT068D5m"
"r1","uVPH"
"jPJ","nFlRl0wkJu"
"Y91w","pUU"
"mG","vQsOQU"
"D","JFjQc2fR8H"
"7DIgMBD","4oQIb5NmlO"
"yVDGjvFp","pTN8"
"ZKUuyFl1","c2liSx"
"Rh3Y0x","UV"
"bPanFjzy","Ce"
"lQ8DSZcb","1mex"
"ZU7nvh35","MC"
"sz","m73r31"
"D","1c5l48k"
"ZGrUy6af","UD"
"h","4zRfCKN3v"
"f0tUnD5","DMmV"
"a32v","7fvOaAZ2UU"
"D","a0wnRb"
"eZUt5",""
"m","bOyC"
"SJKhVSjNw","LR5"
"sPo4W","Ig6tghlL"
"TED6duUAei","8uh37n"
"tRa","Zpf0W"
"4xyYQ",""
"0ha0qCe0dF","DsRUu2lObp"
"60N4mARk7T",""
"Z7Str","S2nCScgf"
"F3","c4"
"dcb","FAckfbwkVr"
"dnigcyvw","oWr"
"yLA",""
"Z","Y"
"","WDGGwve"
"DiW47xEr","HDB8r35ip"
"L8dlt","YXI6"
"Yxqds9 dID","kWeyTwsM8"
"XJT4QYS","k"
"UpTxMUZLC","nOVaO"
"lRkw6","n8"
"xet9PSJw","NMFhz"
"BzMX","qeh5DLS"
"3K","0ShZdWaSUb"
"KH2Djbc","o6zC1gi0Y6"
"","VZn"
"KdBZ",""
"QY","1U3Fm"
"l","M036AC"
"w6","7uEWxzw"
"H9cOy8Us","5"
"","f7rfJZStQF"
"","ooK"
"Aflhhw","8iKV"
"nATQ","2d"
"H2Yy6","z"
"hhyjTSYs","705l"
"Bqnj9","F"
"W5iR","3G"
"2zVKS5mFw","k5wiXAi"
"","BKGZBUh"
"HY","OGk0 NJcT"
"MSdK","XgELq2BGE"
"l05RVwTi","Y6692O25MK"
"UP19jpWu","dfrUhx"
"u6FyYy2M9"," AkIAgMbT"
"P","2 P"
"auFwKIc24","HH4qe"
"rqm","W65fZNGqr"
"RCv","aV"
"uIMPt37e","AO m"
"2BZQODYVW",""
"d","vrxTqA3pOM"
"Bq","93rz60"
"YCVF","OhVZop"
"zNM8a9I","MXe79"
"5lmT1i"," spJ "
"Cw0beB","g"
"THUkGzb8hY","0bn0"
"jOp3zy5k a","wnJuY"
"IbwaPVE7wx",""
" ","wQ6"
"j","S3w3p"
"io7LzVo",""
"qCSc7r0x","KuNSo7JNY"
"lmj","YyoN9dn"
"GQXdi","246PoGu1YS"
"DBZvrRwx","U2ParQFuF"
"jSK78","96ewYJaVKl"
"b7U5USCO8","cRVhfJ"
"20QJSeZzOY","gF8la"
"r","BW"
"P23iwC","i8zDdOEUdg"
"hIMmph3o","kp"
"9FtH","sVv2fgla"
"cGVh39","i165HR"
"R","TbS"
"nlTEWk1","N"
"D","e"
"t","Ra"
"u ",""
"l8rpFKHX","6Law2pOD"
"v","Y9"
"fDdia 2Y","G"
"6KVzx sC7C","G"
"",""
"IjBeZ","osJm"
"d1smwpD","SMNn1W"
"zSBMZ8G","9ID"
"","F5mdMnyf9"
"","Fvs"
"F9","SxGDL5"
"2DL8g2","R0i3iN"
"tCmc","IxAN"
"ZBh5jAy","c6zSMI2k"
"KPodxoPb","OfBk"
"kPG37OVx 2","65GJ"
"QF5sKk","nz3S1L70"
"lbqGsHRh56","WyXEr6"
"3UnCEsX","vLsFvd"
"mezgUl","iSZqDdEU"
"yieH","F"
"QqupGibC","F"
"","JhESg"
"d","4O"
"ch 6a3GN","P"
"gLXpegCxS","r5"
"UC9",""
"6bCJ","zvk"
"sA","MARzeq"
"bBMnhoxT o","xvdV"
"CbLt","wcbAKTaUx8"
"ZRc7hr5cR","G50Z"
"9ljTKJ","hvU75Wlo"
"qK1HAqUN5","PGE14UKOzm"
"OjNaZ","W"
"EmynlbLgDE","tgDqLuQcBu"
"pPZJJx","QwnZ"
"ACzSK","X0mzL6AqQn"
"","MG5EM"
"DL","YNDTsZqd"
"3","C23"
"IOVtjCD4qd","0k9usl8i2"
"btgRfzwT","z5f0Sq Ub"
"NlRxgsuj","My kXkbkD"
"pPvwb oQOB","Vi"
"o","lsP12"
"nk8Ztd","uhdHdOMX1"
"4gejNJKbX","DQ9nPHqPC"
"Va4Skw","kqXkbZw"
"o","lKgNfyl eA"
"Nw7OrGeC","c3KfCy"
"N24jRJ","rJWH"
"T6e","zkYkqcrjQ"
"VConS","g3 KmXE9G"
"ITmJUF","FNpU1sYM20"
"jV7uptm","8GtW"
"x","cOuGFSgta"
"0TX","RPn"
"tbDLB naN","9m0n"
"uzIhWt4Dz","M0V6M0Cgp"
"b4Kw3k","Oy aHv"
"cJrbwMn6","j3qre"
"Eg","WS16CdfJcq"
"Nxc","3rbD"
"cviP","EU1s"
"tg1SXs2CMz","z"
"ko","ZvGil"
"p8ODFN6QD",""
"T3kmD","XXH4"
"R","prfn"
"kdrHYy 9","dR61mWS"
"rGU1RE","Lr8qre2LYC"
"P4Ux9","cs1sJ"
"T 2i","CZ CAZCP"
"r","vQ"
"v7BuCK8","d"
"H5c6H","G"
"iTgNLYY","2CnnzW1"
"",""
"aXasfBVf","S"
"X1usvC","w"
"Nx1","imOuI"
"557Q LS",""
"FR5vcbXtu","spqK"
"nQWA","O3tua"
"F5aquzFmO","aespL"
"EMVnvyw9J","TzSZH5nIhA"
"","MO60IVMD"
"eSg","GkPfxXpn"
"HUqcrl70D8","ul9C9O"
"yr","k"
"",""
"ChSoCuycxi","9wGuHxU8"
"el","WvHGejheDG"
"JlHSvTk0","jYQs"
"56saP3M4I","mcqFxiKFXv"
"VoM6iP 1w","Zuah"
"762gFlD ","aa"
"aIsZ1BOgc","3G9dr4gp3"
"","Xz"
"fpRGzE15x","oclj"
"mroI","ismIGr6z"
"zVrrX","WiEVDjL3"
"c","2V"
"fK4zW8Dy","W5gB ca"
"NO","GUCKyDm"
"O",""
"oVJ","n"
"CErmVwP","e8e"
"vjc","YZYL"
"yN",""
"tNE1e","SV"
"tF o8XpiY","i0LYlSwFoc"
"a","zXQHjM"
"",""
"oJcG1wo","Zj2"
"RUn4P0T","GrSBPXy "
"lcxw3","xT7"
"mZ9T","GLgftzJm"
"RGa 5MQx","yBPDNDw"
"",""
"","n"
"1qlgtXWOU","mVlS"
"8UMerE","k"
"H","rRX6"
"7jdl5s4","DGrDxp1J"
"GXH","OQlEMJp"
"PhwV","tU0r z Ld"
"","l"
"vBkLrDbH","Wo"
"","M"
"AD6jy2q","QcNI8"
"DcJQBkI2Rz","kwma81"
"LdJHFuBHcK","R8SgWn"
"aBh4 RsVgI","1WuIwJs"
"RdN8","imOHx3nJNE"
"LbH","k6UjYFw"
"cs85Y1iT"," 3A"
"","6zeRAPRyd"
"ghZf","fYIIwmd"
"tfum8al","4tRVLGHtjz"
"6xCPgg","iOFj2"
"2d7XRB6","ZFN"
"6Ep1KD","VBq55o"
"nMpc6","ku"
"M6","2Cfx8"
"HrvYk",""
"eN","J8noQSw"
" ","b"
"g69znY","Dxe1dpFuFm"
"ZSRk","0iNQg"
"Y9rhCNJM","ZmFtAlQe"
" ","9f8F4dJiod"
"n","jMHn6K"
"DUTU","81d"
"OB8w8D","EKGL4U9S7b"
"sc","jnCV"
"zvW","SaTA"
"ELeKy7BXWL","DX"
"47","af6Y"
"sjZKMks","89zMJmwU A"
"AZGDe","ywCkCNP"
"M","Deg"
"vooeFssA8W",""
"45",""
"VTdjtoOqJ","cLoKBpAW7x"
"CkDOU","XEpalo"
"HAz","iBDoi"
"GLXCC sA5","wEJ"
"5","mMp"
"","5PsqmtY"
"QIQap X","Pc1nKcMu"
"BgPY7Tel","xOdBTx"
"eoE","Fns"
"1","w7GZPMP"
"c2SWfQZiZL","983orxGjhz"
"lyKI","9tJS"
"2zI4n","wZFiHaQjkS"
"z8WVyUqt4","8uwHcl"
"WhlaXx","CgfYllt"
"yL4PjFr",""
"n0VTFh","zd"
"OiFxxy9qZI","80"
"41","0Yg"
"OJHxs6t2J",""
"PlR7q38MRA","U8it"
"73wZiu","bRDvoL"
"14sv","yUBGD"
"R","zwk 6ky0"
"","zkIymbUQfq"
"fpg8E1x","K5W"
"7ZPDhAz","cnWXAcj"
"U","tnyBO0T3f4"
"6jNugNW","WXBpyocd"
"c64gk48","ap"
"RQ","r"
"JKZp",""
"t2aIa8","H"
"Ln3l","h9HTmlfjvh"
"k","HWpu"
"","SPGjwUOESE"
"b3VOiNKr","lGiuiJrZ"
"QOMhF5EZHh",""
"I",""
"MG5HVG0","g ML5OK"
"uf","eMMsFmfRK"
"","PPSGuVdW"
"tk","tb"
"TEdU","1PKPYJ"
"zQp","S1NhNMqds"
"lw","JnrG"
"87f5w8","aFdsqAL"
"WfyIYLKGC","Ro6LyG"
"bR",""
"dmGD","NPM"
"wV7hmVozC","Ukl"
"","tJ"
"H","Do"
"AMkR","15mWx"
"69vFG","ombhZ9YvYg"
"wETCuGWe","TDT"
"Lah0HH4Ppe","lvdQ5j3KQC"
"hMSD","bg8YzEyg"
"rgCc","Uv"
"vhOrKAk","DqGi"
"0JBu3d","tjtYv"
"1m","deIi"
"FR6","ca"
"M2V797Aqc","TH8JLi"
"HU9m","Ie"
"t0u","8gs"
"bGg5Mb","8mX4"
"IgGzDtTnDi","P2q"
"EjrcYe","f9pklMTE"
"lBUg3CJ","1CRpNhd"
"iwdc","tu umAl5X"
"9hNQmZ2",""
"77kPs 7 wx","X9e6vGu"
"y","v"
"0RWd16v",""
"FG",""
"LuX3","S"
"txH A45D","u6c"
"WpEZS","7wOmRlxvNI"
"qz","txjCG"
"BcKILRaA","b5j"
"RkEdVC","pD4"
"2fB1hSNBx","DM7k1T"
"H","HW"
"BTcZUQ","pi1M"
"Dxod8ofWXt",""
"kHV46N","8372p6c"
"cOe buwTU","ym8b"
"","B"
"uGb3Q","tk"
"cUhak","BiBm"
"On0Y67","kXsXFHYmv "
"dull",""
"","aJWUw0"
"xDIjn","kAC"
"p","jxzB"
"6W",""
"","nQoN0"
"GxWp","vnkP9"
"AzGd3Xn08x","mzS"
"N4J0fWb ",""
"UFo2l4K","Ik8y9fm"
"ydw5l","LAUVN6hoB"
"2",""
"GJO","w51J"
"P","i0aA3iuTVb"
"lAFnTbWSF9","MTiMaHA"
"1fSei3p","8OrhNfiQ7"
"PAJ","9ipXA0"
"OmAPpItw"," gdjCOzQ"
"nN","H85"
"BT8iGa36EP","GZd1a"
"IS","awTwmFgND7"
"","8vkD"
"Ahsymz","aNl0VcC"
"","8r"
"GVwEz3Cv","DlW9rb3EvW"
"qUBtJI1nbk","zTJ5CsWl"
"opcjV","fBs6nbr8i"
"b ","79X5dPXB"
"","m22"
"","6VG"
"L5CC",""
"PgY8mHvt","qD"
"","H9nS7G"
"",""
"x7AM3H98c","b7UoL"
"vX2p3","Y"
"","O"
"","uoz"
"UwXu","yK7b4Qc"
"sqw6lp","Su"
"KXFR",""
"MqwoqsvFUs","rTLF"
"Lglo","27Z35NX6"
"QCmSx 6Hz","08f"
"7wF5xG3nuZ","w"
"0 aHqnp9","ONJ"
"O","ecDZZXzp"
"BioAqmd","uPucf8L"
"m2yvkrXjN","cq8Gq  "
"oo","9hsOc"
"c ","En"
"Hcs","usogWx"
"i0dcgn","y 5"
"","I hV"
"sotq6xK","L4NbYaCge4"
"KSFCB",""
"3dvn2H","dPaKwXA5K"
"paNs9u","EmZk6"
"5xZrT",""
"j0nVw","ufYiQhC5"
"ED8","kE"
"e9","jb k67FzQ"
"mHb","FZ"
"u0Jyl18mS","Bf1ZSB9"
"WUm","2vHMcNjn3"
"","ASX"
"I8GyYg5kLl","giIx"
"0mX ","Ob"
"d","c3fw3rgAii"
"rTY","ruVF1FJsc"
"u","S5 m"
"23c5PT","D1Wjq"
"aa2K","xIM"
"N6","W"
"OkBFjHWZ","x0q"
"M","YYWHQi7"
"I3WZBUXFB","Ea"
"pB7w4rUw","20C1 "
"wsiwK2","q1dV GO"
"0hRqdjkFBI",""
"EBVN","BxNk"
"lmRDYNg","Baekr2HlK"
"Y2Vj",""
"zPmvnpy","Az5TtWjc"
"T","Ou"
"lGmzmxanmd","9U"
"x","8LF"
"em","XtpY"
"9d","z9nNS"
"9C","IH"
" ","oG4czx6x"
"RA4prnH","vWJzNJ"
"23XiV ","e8Lwm"
"YUOzc"," pwN"
"KFewZVT2l",""
"I","DT"
"oKmRA","ID"
"exn8","4MfW31"
"X","nr"
"WHqvBqfL","1igsIT0j"
"Z4f9P8","r"
"f","Ody"
"XT1c","gTn2"
"u","MN95N2iUn"
"s7 v","gHqrE3"
"PfaPn4","U1jchMbBG1"
"SE","gNk8r"
"nUiC","CkZM"
"JY0","o8"
"Bi","Lo7ko"
"JP","T"
"lhy5B",""
"Am",""
"LllMa","DNMpg"
"1AKh","T"
"EZJQJI6","iH"
"aFCXA8txm","vrTYl"
"3E",""
"8xLXtJW",""
"Fi4Q","U6L"
"xnEaGlM4J","3cAJEoI4t0"
"1G1","4 Emw Nt3D"
"","7"
"","iLWnn"
"rgXVD","P"
"Y3XeudcZeh","2xBHZTnc"
"uN1U0r","KO5iyJG"
"1 LH","h0"
"","IMAd"
"nURl","D0Br8"
"f3Rl","8cr"
"wGPNA","d"
"lyo35","81R1TD"
"obf","A5Fm"
"DYM3O0g","DwgUfS"
"GtWcEyRwg","Q"
"","DRmE2kcEf1"
"swcu3i8","0cC0dL GSy"
"vKe8ivfer","OwwKtJ2"
"OnZuER","0"
"GxGKYzbi","gUqY"
"e","LN7i"
"4Pa","gPr"
"S9OH","w2IqMuJ6"
"2o0hY","nD1"
"t2C","5A1Xcf"
"Qbt","Cd"
"",""
"WuCrWNg","rtRVDFqUX"
"Bh0fb","XZ4OzjAHV"
"Y","d1rztWXgj"
"rQZ924v","5cFKa"
"q fWGRjQOr","5q"
"iLGYHS45","w  UZk3"
"1tBy","AUyQ"
"rCXOZlM3X","RGeyOod"
"GKqT4OIGMv","m"
"eWtgIjzj","N"
"IjLMl2PK0v","Ca9"
"mrwYzXzcFC","EYBc9"
"BLc","L3"
"8W","W56XE"
"nYiZM","9ntS0G1gl"
"Wy","3QFbQL"
"tOR","DfVtJhsL"
"5JTNF",""
"O1oS5uU",""
"ZNNYfXQqQ","8vf 65I0"
"56KmUBMQXe","7K4iOHRt"
"McCpfP Xl","wt "
"KdO","3Afdsq "
"JUJkW0V","uJBywH96V"
"","v7"
"WbzZRN","n6OVIu"
"cHoDz6bNuM","XZY B24"
"EIva","IO"
"I","LJM"
"JtGnpHO45","iu1rU"
"EcxvAKPwRe","Jn"
"IJZ1i6","u LomrxD"
"R","QA9sn"
"8hOz0SB7RO","PsbSgYvNo"
"","U06ub"
"UHM8uB4o","ykU"
"OlfQ4C","jO13e"
"imM","iNoZt"
"ifpQthtEL","3S"
"","EG5KjGJuP"
"wMEJZ","L2igK"
"t8MVn","iFs6  S"
"N","Ab"
"QrLY","NLpFz6lJ"
"AIOKmYrN","egqERl"
"Cj","vhRPf7OHA"
"08WiyG","v"
"3Q","umi"
"UbtDUXOD","c"
"DNH5 B3","PoAcFQ6dd"
"LRaNpyMnx","JO"
"KRUBf","Ho"
"BB","Tj"
"9Wq","XRrZ9YO"
"0Xh","xNxX23V"
"UpMECZhdaV","I"
"d","Mv1fgrGlAW"
"beKnXfQ5",""
"TVYEQoySR","Qij2MgNBXI"
"kdfex0vnSB","jdiSU7Wb"
"Es8Ovf837","KX50"
"","5s sv9V"
"C31xaw","o43rb9ipFS"
"YZVGM","MC1sxkdO"
"WqfZO","XOOb"
"6Rp","a1gLVUo"
"ttXcy1","NOdk"
"t5aNxYMJh7",""
"VIEQF ","i2Xd"
"SWqG","kfDk"
"v9Z q9S","n"
"","KEb gco "
" vaXEe",""
"wG1CGb1H","Q6cGl"
"wGq3yFZ8","UD0IlZptyL"
"YiArKscN","e0J9L2LSXK"
"UTDMd4","tGRcrQP"
"izk6","G"
"hi3","6KQRVl6w"
"TFY","LSty6"
"3tz","G1un"
"YeAh09ieJ","I"
"UT7n","GUpS"
"Fn3","u2uD"
"T8CbfXKJ",""
"Kv1n","u4pmLxMj"
"G4uEBUp","Z8WrMV9"
"DT","jSDEg6Pb"
"CxwW ","axWIMx"
"DoeMaig","0DpxCOY"
"6NNcW14","yGDrT0G15"
"ecQk","0ajk"
"Q","T25 HbvX"
"I1McglTBFC","E"
"I4j","iLcSA"
"2TgkERy bl","8V"
"D MeGnbS",""
"EzQ","f3wYy"
"Ktayd4MK Y","OAOLRdj"
"87y","aZ01g"
"F3SfPNX","Q8JOaTYw x"
"k nz5O8","iYX72PW"
"vrn8M","MidFnHM"
"MHiFlJD ","8Wweq"
"5x mytGXa7","jkdy"
"lzq nffGX","IjUZMCl"
"c6Ompbr","KsH"
"j","nKtRk1N8oH"
"XZsMmA","wz6"
"aun","5Kqq"
"91lLe","r6T0r5VyxI"
"IfdkuG0ZW","Ji7pUj35"
"Se QsK","6"
"bmkiBb",""
"WEfNI","j0aexm0"
"PjmCF","c0I"
"eRCEM1QCF","SQPxofao7b"
"D9s","ay3a1hrVqu"
"gTOyC6","dpo"
"AGtuNvHf","5d"
"8jb8m","g4e"
"1zpi","SiX6TRbw2"
"NWUZLsN1d","g"
"InMs2UZo","LEL8ArV5j "
"RmXx",""
"uGsz","IVboX"
"qdL","5"
"6","80V"
"C","H ha2"
"xN5PL","mRmHpE "
"4VXrDn","IiT2th7b"
"Up","o"
"","EH8D"
"ka2FRdBu3","0h7vpYwh"
"ApzFZTgyCi","MmOOOAYT8D"
"zvl1JDiuVh"," Ij"
"JQDRid","NrCR"
"hfp1c ","pGBnPsi"
"y","p YZZPU"
"",""
"OHqAK","DVyX"
"Ftbxj","shrh8A"
"yesZ","Y"
"ZffHl",""
"MOPaXSoP","Xs"
"5J2is","xN8fa0Nu"
"P4He","FLXiH5sT"
"361gkPCgj","5sQhO"
"VQoVjr ",""
"pI6H","0L"
"qceFxL",""
"mXHovYCOR","Me"
"o","Zpc eSq"
"p2p uQ","ddQI "
"A0mBh","fBbcb6"
"eBNcL","qw3ixLCQA"
"TtgGl9","NEsbq2jd"
"okYXUy","0"
"NL pTHW","Iig"
"xpExqstH","lQ"
"qZWJ0","e2d4Czdj"
"VpqlKX",""
"SLqzels","tORk98"
"7qeT2","EV0B"
"G","3IAyLXVXv"
"2hUHMN","FYv"
"X7fO","IOn0WCa4"
"cC","HUx"
"wHDM","WVDETkSg"
"sw","q1AOrUJMT"
"","wl"
"IF","vhlSl"
"","aBxg4p"
"qOXiJH4Es4","ySAiD"
"ePGjG","xY4ps"
"RFcttg gC","eObqqRIvK"
"hua8x8Esjx","QNmT1n"
"cai","P"
"XXvRVNhB","ubOUjy"
"c10RXrQEC1","NglDC"
"","owL15Hc"
"yz","oxPj"
"ESS"," scpf"
"l","MEEryFC"
"hxfJ","NWdgZW"
"SA"," "
"VyqnH","JFpi"
"NSx Z1I93","Hs"
"dXKAD","uFnihmaNL"
"Ot RfpaoXh",""
"oZX","zQxHG"