"maybe","sheet"
"extra","family"
"suddenly","move"
"flag","wear"
"stared","particularly"
"key","skin"
"till","carefully"
"bus","silver"
"movement","condition"
"separate","slabs"
"trap","while"
"movie","cause"
"either","research"
"carefully","row"
"little","what"
"paragraph","plan"
"village","surface"
"declared","level"
"many","sort"
"even","snake"
"opposite","drove"
"specific","throw"
"handle","creature"
"order","else"
"atomic","composed"
"laugh","box"
"cap","atomic"
"pick","composition"
"experiment","grabbed"
"natural","might"
"sitting","ought"
"plus","at"
"operation","piano"
"saved","ago"
"hunt","just"
"join","fellow"
"receive","stove"
"afternoon","suddenly"
"will","further"
"ring","special"
"nation","whispered"
"plates","younger"
"saddle","tears"
"zero","bicycle"
"themselves","college"
"globe","giving"
"energy","which"
"previous","death"
"plant","mostly"
"dirty","sport"
"expression","object"
"driver","family"
"say","line"
"mainly","examine"
"plus","college"
"fort","since"
"run","signal"
"led","fog"
"base","mysterious"
"clay","softly"
"held","apple"
"enough","ants"
"look","basket"
"onto","completely"
"copy","look"
"boy","depth"
"strip","carefully"
"tape","feathers"
"church","halfway"
"lying","glad"
"among","rubber"
"native","gently"
"sink","space"
"good","lead"
"facing","on"
"lead","standard"
"pay","travel"
"then","mood"
"crop","mistake"
"beginning","please"
"swept","experience"
"sometime","easier"
"beautiful","cast"
"spread","stared"
"motion","if"
"joined","being"
"alone","direction"
"surrounded","student"
"by","start"
"invented","addition"
"pie","lesson"
"our","letter"
"interest","office"
"happen","snake"
"leader","symbol"
"learn","eight"
"greatest","bigger"
"cattle","coming"
"minerals","my"
"explain","pool"
"combination","castle"
"mouse","acres"
"discovery","ancient"
"section","unit"
"silence","leader"
"nobody","coast"
"labor","flame"
"peace","sail"
"browserling","however"
"remember","captured"
"come","sink"
"cat","your"
"anything","themselves"
"son","vegetable"
"native","also"
"three","arrive"
"hard","firm"
"ran","tree"
"invented","furniture"
"primitive","dull"
"class","almost"
"growth","wet"
"paid","tune"
"recently","three"
"third","dawn"
"total","additional"
"stove","brief"
"consonant","farm"
"over","sent"
"mysterious","bone"
"count","position"
"poem","college"
"off","not"
"though","band"
"choose","tiny"
"court","natural"
"basic","gentle"
"verb","rice"
"plates","trace"
"nest","silver"
"farmer","slide"
"battle","happily"
"wonderful","subject"
"swimming","sound"
"park","flight"
"root","welcome"
"gain","student"
"continued","vowel"
"way","brown"
"brass","wide"
"shallow","floor"
"off","fellow"
"moon","cause"
"basis","tank"
"grass","mostly"
"labor","jet"
"importance","roll"
"effect","he"
"police","yellow"
"pick","sound"
"basket","invented"
"special","composition"
"powder","steam"
"break","enjoy"
"press","respect"
"travel","remember"
"vegetable","feel"
"poor","fun"
"still","caught"
"company","describe"
"president","real"
"care","machine"
"they","quick"
"week","hide"
"compound","nearer"
"breakfast","difficulty"
"author","powder"
"air","society"
"cross","hidden"
"disease","victory"
"sink","sense"
"number","automobile"
"bad","lift"
"dry","universe"
"please","poor"
"contrast","wool"
"both","air"
"pain","store"
"its","original"
"luck","plus"
"stairs","cold"
"thank","well"
"visit","public"
"bus","education"
"fence","frighten"
"follow","nine"
"hunt","shore"
"sudden","nest"
"suddenly","begun"
"lucky","stage"
"bell","at"